{"hashmasks": {"floor_prices": [0.0536602, 0.0536602, 0.0536602, 0.0536602, 0.0536602, 0.0536602, 0.0536602, 0.0536602, 0.0536602, 0.0536602, 0.0536602, 0.0536602, 0.0536602, 0.0536602, 0.0536602, 0.0536602, 0.0536602, 0.0536602, 0.0536602, 0.0536602, 0.0536602, 0.0536602, 0.0536602, 0.0536602, 0.0536602, 0.0536602, 0.0536602, 0.0536602, 0.0536602, 0.0536602, 0.0536602, 0.0536602, 0.0536602, 0.0536602, 0.0536602, 0.0536602, 0.0536602, 0.0536602, 0.0536602, 0.0536602, 0.0536602, 0.0536602, 0.0536602, 0.0536602, 0.0536602, 0.0536602, 0.0536602, 0.0536602, 0.0536602, 0.0536602, 0.0536602, 0.0536602, 0.0536602, 0.0536602, 0.0536602, 0.0536602, 0.0536602, 0.0536602, 0.0536602, 0.0536602, 0.0536602, 0.0536602, 0.0536602, 0.0536602, 0.0536602, 0.0536602, 0.0536602, 0.0536602, 0.0536602, 0.0536602, 0.0536602, 0.0536602, 0.0536602, 0.0536602, 0.0536602, 0.0536602, 0.0536602, 0.0536602, 0.0536602, 0.0536602, 0.0536602, 0.0536602, 0.0536602, 0.0536602, 0.0536602, 0.0536602, 0.0536602, 0.0536602, 0.0536602, 0.0536602]}, "remilio-babies": {"floor_prices": [0.595, 0.595, 0.595, 0.595, 0.595, 0.595, 0.595, 0.595, 0.595, 0.595, 0.595, 0.595, 0.595, 0.595, 0.595, 0.595, 0.595, 0.595, 0.595, 0.595, 0.595, 0.595, 0.595, 0.595, 0.595, 0.595, 0.595, 0.595, 0.595, 0.595, 0.595, 0.595, 0.595, 0.595, 0.595, 0.595, 0.595, 0.595, 0.595, 0.595, 0.595, 0.595, 0.595, 0.595, 0.595, 0.595, 0.595, 0.595, 0.595, 0.595, 0.595, 0.595, 0.595, 0.595, 0.595, 0.595, 0.595, 0.595, 0.595, 0.595, 0.595, 0.595, 0.595, 0.595, 0.595, 0.595, 0.595, 0.595, 0.595, 0.595, 0.595, 0.595, 0.595, 0.595, 0.595, 0.595, 0.595, 0.595, 0.595, 0.595, 0.595, 0.595, 0.595, 0.595, 0.595, 0.595, 0.595, 0.595, 0.595, 0.595]}, "cool-cats-nft": {"floor_prices": [0.3849999, 0.3849999, 0.3849999, 0.3849999, 0.3849999, 0.3849999, 0.3849999, 0.3849999, 0.3849999, 0.3849999, 0.3849999, 0.3849999, 0.3849999, 0.3849999, 0.3849999, 0.3849999, 0.3849999, 0.3849999, 0.3849999, 0.3849999, 0.3849999, 0.3849999, 0.3849999, 0.3849999, 0.3849999, 0.3849999, 0.3849999, 0.3849999, 0.3849999, 0.3849999, 0.3849999, 0.3849999, 0.3849999, 0.3849999, 0.3849999, 0.3849999, 0.3849999, 0.3849999, 0.3849999, 0.3849999, 0.3849999, 0.3849999, 0.3849999, 0.3849999, 0.3849999, 0.3849999, 0.3849999, 0.3849999, 0.3849999, 0.3849999, 0.3849999, 0.3849999, 0.3849999, 0.3849999, 0.3849999, 0.3849999, 0.3849999, 0.3849999, 0.3849999, 0.3849999, 0.3849999, 0.3849999, 0.3849999, 0.3849999, 0.3849999, 0.3849999, 0.3849999, 0.3849999, 0.3849999, 0.3849999, 0.3849999, 0.3849999, 0.3849999, 0.3849999, 0.3849999, 0.3849999, 0.3849999, 0.3849999, 0.3849999, 0.3849999, 0.3849999, 0.3849999, 0.3849999, 0.3849999, 0.3849999, 0.3849999, 0.3849999, 0.3849999, 0.3849999, 0.3849999]}, "cryptopunks": {"floor_prices": [42.0, 42.0, 42.0, 42.0, 42.0, 42.0, 42.0, 42.0, 42.0, 42.0, 42.0, 42.0, 42.0, 42.0, 42.0, 42.0, 42.0, 42.0, 42.0, 42.0, 42.0, 42.0, 42.0, 42.0, 42.0, 42.0, 42.0, 42.0, 42.0, 42.0, 42.0, 42.0, 42.0, 42.0, 42.0, 42.0, 42.0, 42.0, 42.0, 42.0, 42.0, 42.0, 42.0, 42.0, 42.0, 42.0, 42.0, 42.0, 42.0, 42.0, 42.0, 42.0, 42.0, 42.0, 42.0, 42.0, 42.0, 42.0, 42.0, 42.0, 42.0, 42.0, 42.0, 42.0, 42.0, 42.0, 42.0, 42.0, 42.0, 42.0, 42.0, 42.0, 42.0, 42.0, 42.0, 42.0, 42.0, 42.0, 42.0, 42.0, 42.0, 42.0, 42.0, 42.0, 42.0, 42.0, 42.0, 42.0, 42.0, 42.0]}, "veefriends": {"floor_prices": [1.699, 1.699, 1.699, 1.699, 1.699, 1.699, 1.699, 1.699, 1.699, 1.699, 1.699, 1.699, 1.699, 1.699, 1.699, 1.699, 1.699, 1.699, 1.699, 1.699, 1.699, 1.699, 1.699, 1.699, 1.699, 1.699, 1.699, 1.699, 1.699, 1.699, 1.699, 1.699, 1.699, 1.699, 1.699, 1.699, 1.699, 1.699, 1.699, 1.699, 1.699, 1.699, 1.699, 1.699, 1.699, 1.699, 1.699, 1.699, 1.699, 1.699, 1.699, 1.699, 1.699, 1.699, 1.699, 1.699, 1.699, 1.699, 1.699, 1.699, 1.699, 1.699, 1.699, 1.699, 1.699, 1.699, 1.699, 1.699, 1.699, 1.699, 1.699, 1.699, 1.699, 1.699, 1.699, 1.699, 1.699, 1.699, 1.699, 1.699, 1.699, 1.699, 1.699, 1.699, 1.699, 1.699, 1.699, 1.699, 1.699, 1.699]}, "invisiblefriends": {"floor_prices": [0.12991, 0.12991, 0.12991, 0.12991, 0.12991, 0.12991, 0.12991, 0.12991, 0.12991, 0.12991, 0.12991, 0.12991, 0.12991, 0.12991, 0.12991, 0.12991, 0.12991, 0.12991, 0.12991, 0.12991, 0.12991, 0.12991, 0.12991, 0.12991, 0.12991, 0.12991, 0.12991, 0.12991, 0.12991, 0.12991, 0.12991, 0.12991, 0.12991, 0.12991, 0.12991, 0.12991, 0.12991, 0.12991, 0.12991, 0.12991, 0.12991, 0.12991, 0.12991, 0.12991, 0.12991, 0.12991, 0.12991, 0.12991, 0.12991, 0.12991, 0.12991, 0.12991, 0.12991, 0.12991, 0.12991, 0.12991, 0.12991, 0.12991, 0.12991, 0.12991, 0.12991, 0.12991, 0.12991, 0.12991, 0.12991, 0.12991, 0.12991, 0.12991, 0.12991, 0.12991, 0.12991, 0.12991, 0.12991, 0.12991, 0.12991, 0.12991, 0.12991, 0.12991, 0.12991, 0.12991, 0.12991, 0.12991, 0.12991, 0.12991, 0.12991, 0.12991, 0.12991, 0.12991, 0.12991, 0.12991]}, "creatures": {"floor_prices": [0.02125, 0.02125, 0.02125, 0.02125, 0.02125, 0.02125, 0.02125, 0.02125, 0.02125, 0.02125, 0.02125, 0.02125, 0.02125, 0.02125, 0.02125, 0.02125, 0.02125, 0.02125, 0.02125, 0.02125, 0.02125, 0.02125, 0.02125, 0.02125, 0.02125, 0.02125, 0.02125, 0.02125, 0.02125, 0.02125, 0.02125, 0.02125, 0.02125, 0.02125, 0.02125, 0.02125, 0.02125, 0.02125, 0.02125, 0.02125, 0.02125, 0.02125, 0.02125, 0.02125, 0.02125, 0.02125, 0.02125, 0.02125, 0.02125, 0.02125, 0.02125, 0.02125, 0.02125, 0.02125, 0.02125, 0.02125, 0.02125, 0.02125, 0.02125, 0.02125, 0.02125, 0.02125, 0.02125, 0.02125, 0.02125, 0.02125, 0.02125, 0.02125, 0.02125, 0.02125, 0.02125, 0.02125, 0.02125, 0.02125, 0.02125, 0.02125, 0.02125, 0.02125, 0.02125, 0.02125, 0.02125, 0.02125, 0.02125, 0.02125, 0.02125, 0.02125, 0.02125, 0.02125, 0.02125, 0.02125]}, "azuki": {"floor_prices": [1.87989, 1.87989, 1.87989, 1.87989, 1.87989, 1.87989, 1.87989, 1.87989, 1.87989, 1.87989, 1.87989, 1.87989, 1.87989, 1.87989, 1.87989, 1.87989, 1.87989, 1.87989, 1.87989, 1.87989, 1.87989, 1.87989, 1.87989, 1.87989, 1.87989, 1.87989, 1.87989, 1.87989, 1.87989, 1.87989, 1.87989, 1.87989, 1.87989, 1.87989, 1.87989, 1.87989, 1.87989, 1.87989, 1.87989, 1.87989, 1.87989, 1.87989, 1.87989, 1.87989, 1.87989, 1.87989, 1.87989, 1.87989, 1.87989, 1.87989, 1.87989, 1.87989, 1.87989, 1.87989, 1.87989, 1.87989, 1.87989, 1.87989, 1.87989, 1.87989, 1.87989, 1.87989, 1.87989, 1.87989, 1.87989, 1.87989, 1.87989, 1.87989, 1.87989, 1.87989, 1.87989, 1.87989, 1.87989, 1.87989, 1.87989, 1.87989, 1.87989, 1.87989, 1.87989, 1.87989, 1.87989, 1.87989, 1.87989, 1.87989, 1.87989, 1.87989, 1.87989, 1.87989, 1.87989, 1.87989]}, "clonex-mintvial": {"floor_prices": [0.0, 0.0, 0.0, 0.0, 0.0, 0.0, 0.0, 0.0, 0.0, 0.0, 0.0, 0.0, 0.0, 0.0, 0.0, 0.0, 0.0, 0.0, 0.0, 0.0, 0.0, 0.0, 0.0, 0.0, 0.0, 0.0, 0.0, 0.0, 0.0, 0.0, 0.0, 0.0, 0.0, 0.0, 0.0, 0.0, 0.0, 0.0, 0.0, 0.0, 0.0, 0.0, 0.0, 0.0, 0.0, 0.0, 0.0, 0.0, 0.0, 0.0, 0.0, 0.0, 0.0, 0.0, 0.0, 0.0, 0.0, 0.0, 0.0, 0.0, 0.0, 0.0, 0.0, 0.0, 0.0, 0.0, 0.0, 0.0, 0.0, 0.0, 0.0, 0.0, 0.0, 0.0, 0.0, 0.0, 0.0, 0.0, 0.0, 0.0, 0.0, 0.0, 0.0, 0.0, 0.0, 0.0, 0.0, 0.0, 0.0, 0.0]}, "milady": {"floor_prices": [2.3499999, 2.3499999, 2.3499999, 2.3499999, 2.3499999, 2.3499999, 2.3499999, 2.3499999, 2.3499999, 2.3499999, 2.3499999, 2.3499999, 2.3499999, 2.3499999, 2.3499999, 2.3499999, 2.3499999, 2.3499999, 2.3499999, 2.3499999, 2.3499999, 2.3499999, 2.3499999, 2.3499999, 2.3499999, 2.3499999, 2.3499999, 2.3499999, 2.3499999, 2.3499999, 2.3499999, 2.3499999, 2.3499999, 2.3499999, 2.3499999, 2.3499999, 2.3499999, 2.3499999, 2.3499999, 2.3499999, 2.3499999, 2.3499999, 2.3499999, 2.3499999, 2.3499999, 2.3499999, 2.3499999, 2.3499999, 2.3499999, 2.3499999, 2.3499999, 2.3499999, 2.3499999, 2.3499999, 2.3499999, 2.3499999, 2.3499999, 2.3499999, 2.3499999, 2.3499999, 2.3499999, 2.3499999, 2.3499999, 2.3499999, 2.3499999, 2.3499999, 2.3499999, 2.3499999, 2.3499999, 2.3499999, 2.3499999, 2.3499999, 2.3499999, 2.3499999, 2.3499999, 2.3499999, 2.3499999, 2.3499999, 2.3499999, 2.3499999, 2.3499999, 2.3499999, 2.3499999, 2.3499999, 2.3499999, 2.3499999, 2.3499999, 2.3499999, 2.3499999, 2.3499999]},